Longitude,Latitude,Address,City,Postal Code,Zip Code,State,Address Type,House Number,Street Address,Street Direction,Street Suffix,Unit Number
-100.803283,46.81491,904 ARTHUR DR,BISMARCK,,58501,North Dakota,Residential,904,ARTHUR,,DR,
-100.804611,46.815426,930 ARTHUR DR,BISMARCK,,58501,North Dakota,Residential,930,ARTHUR,,DR,
-100.803999,46.815624,1001 ARTHUR DR,BISMARCK,,58501,North Dakota,Residential,1001,ARTHUR,,DR,
-100.804817,46.816357,1020 ARTHUR DR,BISMARCK,,58501,North Dakota,Residential,1020,ARTHUR,,DR,
-100.804141,46.81424,910 WARD RD,BISMARCK,,58501,North Dakota,Residential,910,WARD,,RD,
-100.803932,46.815136,925 ARTHUR DR,BISMARCK,,58501,North Dakota,Residential,925,ARTHUR,,DR,
-100.804619,46.815239,928 ARTHUR DR,BISMARCK,,58501,North Dakota,Residential,928,ARTHUR,,DR,
-100.805061,46.817169,1110 WARD RD,BISMARCK,,58501,North Dakota,Residential,1110,WARD,,RD,
-100.806517,46.815479,1004 CRESCENT LN,BISMARCK,,58501,North Dakota,Residential,1004,CRESCENT,,LN,
-100.805921,46.814155,906 CRESCENT LN,BISMARCK,,58501,North Dakota,Residential,906,CRESCENT,,LN,
-100.807503,46.815849,1021 CRESCENT LN,BISMARCK,,58501,North Dakota,Residential,1021,CRESCENT,,LN,
-100.806549,46.815971,1009 CRESCENT LN,BISMARCK,,58501,North Dakota,Residential,1009,CRESCENT,,LN,
-100.80632,46.817535,1020 HIGHLAND PL,BISMARCK,,58501,North Dakota,Residential,1020,HIGHLAND,,PL,
-100.808556,46.818375,1216 E COULEE RD,BISMARCK,,58501,North Dakota,Residential,1216,COULEE,E,RD,
-100.811194,46.814091,1121 FAIRVIEW PL,BISMARCK,,58501,North Dakota,Residential,1121,FAIRVIEW,,PL,
-100.811584,46.818903,1240 E HIGHLAND ACRES RD,BISMARCK,,58501,North Dakota,Residential,1240,HIGHLAND ACRES,E,RD,
-100.810463,46.815807,1024 E HIGHLAND ACRES RD,BISMARCK,,58501,North Dakota,Residential,1024,HIGHLAND ACRES,E,RD,
-100.813065,46.816605,1222 PRAIRIE DR,BISMARCK,,58501,North Dakota,Residential,1222,PRAIRIE,,DR,
-100.810829,46.817017,1106 E HIGHLAND ACRES RD,BISMARCK,,58501,North Dakota,Residential,1106,HIGHLAND ACRES,E,RD,
-100.80674,46.815155,930 PARKVIEW DR,BISMARCK,,58501,North Dakota,Residential,930,PARKVIEW,,DR,
-100.806404,46.814632,921 PARKVIEW DR,BISMARCK,,58501,North Dakota,Residential,921,PARKVIEW,,DR,
-100.805281,46.813728,833 CRESCENT LN,BISMARCK,,58501,North Dakota,Residential,833,CRESCENT,,LN,
-100.805908,46.814968,922 CRESCENT LN,BISMARCK,,58501,North Dakota,Residential,922,CRESCENT,,LN,
-100.808235,46.817581,1136 N PARKVIEW DR,BISMARCK,,58501,North Dakota,Residential,1136,PARKVIEW,N,DR,
-100.806892,46.816765,1048 N PARKVIEW DR,BISMARCK,,58501,North Dakota,Residential,1048,PARKVIEW,N,DR,
-100.80587,46.818462,1202 WARD RD,BISMARCK,,58501,North Dakota,Residential,1202,WARD,,RD,
-100.809707,46.818103,1212 N PARKVIEW DR,BISMARCK,,58501,North Dakota,Residential,1212,PARKVIEW,N,DR,
-100.807495,46.819881,1137 EDWARDS AVE,BISMARCK,,58501,North Dakota,Residential,1137,EDWARDS,,AVE,
-100.805245,46.8145,915 CRESCENT LN,BISMARCK,,58501,North Dakota,Residential,915,CRESCENT,,LN,
-100.811844,46.819004,1244 E HIGHLAND ACRES RD,BISMARCK,,58501,North Dakota,Residential,1244,HIGHLAND ACRES,E,RD,
-100.804611,46.815628,1002 ARTHUR DR,BISMARCK,,58501,North Dakota,Residential,1002,ARTHUR,,DR,
-100.810593,46.81942,1235 E HIGHLAND ACRES RD,BISMARCK,,58501,North Dakota,Residential,1235,HIGHLAND ACRES,E,RD,
-100.809837,46.818523,1224 N PARKVIEW DR,BISMARCK,,58501,North Dakota,Residential,1224,PARKVIEW,N,DR,
-100.809764,46.819147,1240 N PARKVIEW DR,BISMARCK,,58501,North Dakota,Residential,1240,PARKVIEW,N,DR,
-100.805626,46.817947,1130 WARD RD,BISMARCK,,58501,North Dakota,Residential,1130,WARD,,RD,
-100.805595,46.816727,1018 N PARKVIEW DR,BISMARCK,,58501,North Dakota,Residential,1018,PARKVIEW,N,DR,
-100.812828,46.815598,1212 PROSPECT PL,BISMARCK,,58501,North Dakota,Residential,1212,PROSPECT,,PL,
-100.805412,46.817093,1007 HIGHLAND PL,BISMARCK,,58501,North Dakota,Residential,1007,HIGHLAND,,PL,
-100.811867,46.815815,1201 PRAIRIE DR,BISMARCK,,58501,North Dakota,Residential,1201,PRAIRIE,,DR,
-100.812319,46.814506,1202 VICTORY PL,BISMARCK,,58501,North Dakota,Residential,1202,VICTORY,,PL,
-100.813545,46.817604,1124 PIONEER DR,BISMARCK,,58501,North Dakota,Residential,1124,PIONEER,,DR,
-100.813423,46.819145,1261 W HIGHLAND ACRES RD,BISMARCK,,58501,North Dakota,Residential,1261,HIGHLAND ACRES,W,RD,
-100.812323,46.818513,1237 W COULEE RD,BISMARCK,,58501,North Dakota,Residential,1237,COULEE,W,RD,
-100.807205,46.815952,1017 CRESCENT LN,BISMARCK,,58501,North Dakota,Residential,1017,CRESCENT,,LN,
-100.809105,46.819798,1256 N PARKVIEW DR,BISMARCK,,58501,North Dakota,Residential,1256,PARKVIEW,N,DR,
-100.813469,46.8178,1128 PIONEER DR,BISMARCK,,58501,North Dakota,Residential,1128,PIONEER,,DR,
-100.81309,46.818951,1244 W COULEE RD,BISMARCK,,58501,North Dakota,Residential,1244,COULEE,W,RD,
-100.813031,46.818402,1140 PIONEER DR,BISMARCK,,58501,North Dakota,Residential,1140,PIONEER,,DR,
-100.814957,46.81562,1016 W HIGHLAND ACRES RD,BISMARCK,,58501,North Dakota,Residential,1016,HIGHLAND ACRES,W,RD,
-100.808494,46.817039,1129 N PARKVIEW DR,BISMARCK,,58501,North Dakota,Residential,1129,PARKVIEW,N,DR,
-100.806572,46.817863,1017 COTTAGE DR,BISMARCK,,58501,North Dakota,Residential,1017,COTTAGE,,DR,
-100.806282,46.819027,1228 WARD RD,BISMARCK,,58501,North Dakota,Residential,1228,WARD,,RD,
-100.809158,46.819119,1239 N PARKVIEW DR,BISMARCK,,58501,North Dakota,Residential,1239,PARKVIEW,N,DR,
-100.809052,46.819321,1255 N PARKVIEW DR,BISMARCK,,58501,North Dakota,Residential,1255,PARKVIEW,N,DR,
-100.809949,46.813565,1120 S HIGHLAND ACRES RD,BISMARCK,,58501,North Dakota,Residential,1120,HIGHLAND ACRES,S,RD,
-100.813712,46.815549,1224 PROSPECT PL,BISMARCK,,58501,North Dakota,Residential,1224,PROSPECT,,PL,
-100.814156,46.815952,1023 W HIGHLAND ACRES RD,BISMARCK,,58501,North Dakota,Residential,1023,HIGHLAND ACRES,W,RD,
-100.810822,46.815975,1105 PRAIRIE DR,BISMARCK,,58501,North Dakota,Residential,1105,PRAIRIE,,DR,
-100.809769,46.816118,1029 E HIGHLAND ACRES RD,BISMARCK,,58501,North Dakota,Residential,1029,HIGHLAND ACRES,E,RD,
-100.813502,46.816232,1221 PRAIRIE DR,BISMARCK,,58501,North Dakota,Residential,1221,PRAIRIE,,DR,
-100.813805,46.816719,1104 PIONEER DR,BISMARCK,,58501,North Dakota,Residential,1104,PIONEER,,DR,
-100.813766,46.815356,1225 PROSPECT PL,BISMARCK,,58501,North Dakota,Residential,1225,PROSPECT,,PL,
-100.813538,46.817238,1116 PIONEER DR,BISMARCK,,58501,North Dakota,Residential,1116,PIONEER,,DR,
-100.812891,46.817431,1121 PIONEER DR,BISMARCK,,58501,North Dakota,Residential,1121,PIONEER,,DR,
-100.810456,46.815616,1020 E HIGHLAND ACRES RD,BISMARCK,,58501,North Dakota,Residential,1020,HIGHLAND ACRES,E,RD,
-100.811193,46.815639,1009 MIDWAY DR,BISMARCK,,58501,North Dakota,Residential,1009,MIDWAY,,DR,
-100.813753,46.81954,1262 W HIGHLAND ACRES RD,BISMARCK,,58501,North Dakota,Residential,1262,HIGHLAND ACRES,W,RD,
-100.814941,46.814199,1249 S HIGHLAND ACRES RD,BISMARCK,,58501,North Dakota,Residential,1249,HIGHLAND ACRES,S,RD,
-100.81424,46.815487,1013 W HIGHLAND ACRES RD,BISMARCK,,58501,North Dakota,Residential,1013,HIGHLAND ACRES,W,RD,
-100.804307,46.816535,1015 ARTHUR DR,BISMARCK,,58501,North Dakota,Residential,1015,ARTHUR,,DR,
-100.805241,46.814121,907 CRESCENT LN,BISMARCK,,58501,North Dakota,Residential,907,CRESCENT,,LN,
-100.806015,46.817547,1014 HIGHLAND PL,BISMARCK,,58501,North Dakota,Residential,1014,HIGHLAND,,PL,
-100.805254,46.815849,1009 PARKVIEW DR,BISMARCK,,58501,North Dakota,Residential,1009,PARKVIEW,,DR,
-100.805908,46.816715,1024 N PARKVIEW DR,BISMARCK,,58501,North Dakota,Residential,1024,PARKVIEW,N,DR,
-100.806549,46.816719,1038 N PARKVIEW DR,BISMARCK,,58501,North Dakota,Residential,1038,PARKVIEW,N,DR,
-100.803998,46.815855,1007 ARTHUR DR,BISMARCK,,58501,North Dakota,Residential,1007,ARTHUR,,DR,
-100.806631,46.814036,909 PARKVIEW DR,BISMARCK,,58501,North Dakota,Residential,909,PARKVIEW,,DR,
-100.805942,46.813547,828 CRESCENT LN,BISMARCK,,58501,North Dakota,Residential,828,CRESCENT,,LN,
-100.805008,46.816776,1008 N PARKVIEW DR,BISMARCK,,58501,North Dakota,Residential,1008,PARKVIEW,N,DR,
-100.815056,46.818562,1238 W HIGHLAND ACRES RD,BISMARCK,,58501,North Dakota,Residential,1238,HIGHLAND ACRES,W,RD,
-100.803584,46.815187,905 ARTHUR DR,BISMARCK,,58501,North Dakota,Residential,905,ARTHUR,,DR,
-100.80748,46.817059,1108 N PARKVIEW DR,BISMARCK,,58501,North Dakota,Residential,1108,PARKVIEW,N,DR,
-100.804611,46.815857,1008 ARTHUR DR,BISMARCK,,58501,North Dakota,Residential,1008,ARTHUR,,DR,
-100.805705,46.817577,1008 HIGHLAND PL,BISMARCK,,58501,North Dakota,Residential,1008,HIGHLAND,,PL,
-100.805099,46.816097,1019 PARKVIEW DR,BISMARCK,,58501,North Dakota,Residential,1019,PARKVIEW,,DR,
-100.806539,46.812865,804 CRESCENT LN,BISMARCK,,58501,North Dakota,Residential,804,CRESCENT,,LN,
-100.805878,46.81472,916 CRESCENT LN,BISMARCK,,58501,North Dakota,Residential,916,CRESCENT,,LN,
-100.805367,46.815267,929 CRESCENT LN,BISMARCK,,58501,North Dakota,Residential,929,CRESCENT,,LN,
-100.805284,46.815457,1001 PARKVIEW DR,BISMARCK,,58501,North Dakota,Residential,1001,PARKVIEW,,DR,
-100.807259,46.817224,1039 HIGHLAND PL,BISMARCK,,58501,North Dakota,Residential,1039,HIGHLAND,,PL,
-100.806618,46.817562,1026 HIGHLAND PL,BISMARCK,,58501,North Dakota,Residential,1026,HIGHLAND,,PL,
-100.809059,46.81892,1235 N PARKVIEW DR,BISMARCK,,58501,North Dakota,Residential,1235,PARKVIEW,N,DR,
-100.80716,46.819516,1109 EDWARDS AVE,BISMARCK,,58501,North Dakota,Residential,1109,EDWARDS,,AVE,
-100.80397,46.815392,929 ARTHUR DR,BISMARCK,,58501,North Dakota,Residential,929,ARTHUR,,DR,
-100.810715,46.813545,1136 S HIGHLAND ACRES RD,BISMARCK,,58501,North Dakota,Residential,1136,HIGHLAND ACRES,S,RD,
-100.80942,46.819753,1252 N PARKVIEW DR,BISMARCK,,58501,North Dakota,Residential,1252,PARKVIEW,N,DR,
-100.805891,46.813933,902 CRESCENT LN,BISMARCK,,58501,North Dakota,Residential,902,CRESCENT,,LN,
-100.805239,46.814689,917 CRESCENT LN,BISMARCK,,58501,North Dakota,Residential,917,CRESCENT,,LN,
-100.811867,46.815601,1006 MIDWAY DR,BISMARCK,,58501,North Dakota,Residential,1006,MIDWAY,,DR,
-100.805807,46.812777,813 CRESCENT LN,BISMARCK,,58501,North Dakota,Residential,813,CRESCENT,,LN,
-100.803463,46.814774,908 ARTHUR DR,BISMARCK,,58501,North Dakota,Residential,908,ARTHUR,,DR,
-100.805153,46.814293,911 CRESCENT LN,BISMARCK,,58501,North Dakota,Residential,911,CRESCENT,,LN,
-100.814171,46.816212,1027 W HIGHLAND ACRES RD,BISMARCK,,58501,North Dakota,Residential,1027,HIGHLAND ACRES,W,RD,
-100.805273,46.815077,925 CRESCENT LN,BISMARCK,,58501,North Dakota,Residential,925,CRESCENT,,LN,
-100.813797,46.816242,1105 PIONEER DR,BISMARCK,,58501,North Dakota,Residential,1105,PIONEER,,DR,
-100.804481,46.814856,924 ARTHUR DR,BISMARCK,,58501,North Dakota,Residential,924,ARTHUR,,DR,
-100.810516,46.819134,1231 E HIGHLAND ACRES RD,BISMARCK,,58501,North Dakota,Residential,1231,HIGHLAND ACRES,E,RD,
-100.810504,46.818189,1215 E HIGHLAND ACRES RD,BISMARCK,,58501,North Dakota,Residential,1215,HIGHLAND ACRES,E,RD,
-100.80674,46.815472,1010 CRESCENT LN,BISMARCK,,58501,North Dakota,Residential,1010,CRESCENT,,LN,
-100.806259,46.815323,934 PARKVIEW DR,BISMARCK,,58501,North Dakota,Residential,934,PARKVIEW,,DR,
-100.80591,46.813743,832 CRESCENT LN,BISMARCK,,58501,North Dakota,Residential,832,CRESCENT,,LN,
-100.806563,46.814239,913 PARKVIEW DR,BISMARCK,,58501,North Dakota,Residential,913,PARKVIEW,,DR,
-100.806033,46.813363,822 CRESCENT LN,BISMARCK,,58501,North Dakota,Residential,822,CRESCENT,,LN,
-100.812222,46.817483,1218 W COULEE RD,BISMARCK,,58501,North Dakota,Residential,1218,COULEE,W,RD,
-100.805887,46.814351,910 CRESCENT LN,BISMARCK,,58501,North Dakota,Residential,910,CRESCENT,,LN,
-100.811203,46.817059,1202 W COULEE RD,BISMARCK,,58501,North Dakota,Residential,1202,COULEE,W,RD,
-100.805389,46.817646,1120 WARD RD,BISMARCK,,58501,North Dakota,Residential,1120,WARD,,RD,
-100.812438,46.815064,1205 PROSPECT PL,BISMARCK,,58501,North Dakota,Residential,1205,PROSPECT,,PL,
-100.806114,46.81789,1009 COTTAGE DR,BISMARCK,,58501,North Dakota,Residential,1009,COTTAGE,,DR,
-100.813133,46.815674,1216 PROSPECT PL,BISMARCK,,58501,North Dakota,Residential,1216,PROSPECT,,PL,
-100.815001,46.814864,1000 W HIGHLAND ACRES RD,BISMARCK,,58501,North Dakota,Residential,1000,HIGHLAND ACRES,W,RD,
-100.813637,46.816879,1108 PIONEER DR,BISMARCK,,58501,North Dakota,Residential,1108,PIONEER,,DR,
-100.807188,46.817485,1038 HIGHLAND PL,BISMARCK,,58501,North Dakota,Residential,1038,HIGHLAND,,PL,
-100.805588,46.812881,817 CRESCENT LN,BISMARCK,,58501,North Dakota,Residential,817,CRESCENT,,LN,
-100.806419,46.817039,1023 HIGHLAND PL,BISMARCK,,58501,North Dakota,Residential,1023,HIGHLAND,,PL,
-100.804285,46.81468,920 ARTHUR DR,BISMARCK,,58501,North Dakota,Residential,920,ARTHUR,,DR,
-100.812241,46.81345,1200 S HIGHLAND ACRES RD,BISMARCK,,58501,North Dakota,Residential,1200,HIGHLAND ACRES,S,RD,
-100.814102,46.81724,1111 W HIGHLAND ACRES RD,BISMARCK,,58501,North Dakota,Residential,1111,HIGHLAND ACRES,W,RD,
-100.808176,46.817932,1209 E COULEE RD,BISMARCK,,58501,North Dakota,Residential,1209,COULEE,E,RD,
-100.806725,46.817059,1027 HIGHLAND PL,BISMARCK,,58501,North Dakota,Residential,1027,HIGHLAND,,PL,
-100.806938,46.817646,1032 HIGHLAND PL,BISMARCK,,58501,North Dakota,Residential,1032,HIGHLAND,,PL,
-100.808788,46.81725,1139 N PARKVIEW DR,BISMARCK,,58501,North Dakota,Residential,1139,PARKVIEW,N,DR,
-100.806168,46.818417,1008 COTTAGE DR,BISMARCK,,58501,North Dakota,Residential,1008,COTTAGE,,DR,
-100.80864,46.818199,1208 E COULEE RD,BISMARCK,,58501,North Dakota,Residential,1208,COULEE,E,RD,
-100.809094,46.818371,1213 N PARKVIEW DR,BISMARCK,,58501,North Dakota,Residential,1213,PARKVIEW,N,DR,
-100.806179,46.818843,1220 WARD RD,BISMARCK,,58501,North Dakota,Residential,1220,WARD,,RD,
-100.805329,46.813316,825 CRESCENT LN,BISMARCK,,58501,North Dakota,Residential,825,CRESCENT,,LN,
-100.809692,46.81786,1208 N PARKVIEW DR,BISMARCK,,58501,North Dakota,Residential,1208,PARKVIEW,N,DR,
-100.807831,46.815769,1025 CRESCENT LN,BISMARCK,,58501,North Dakota,Residential,1025,CRESCENT,,LN,
-100.804634,46.815025,926 ARTHUR DR,BISMARCK,,58501,North Dakota,Residential,926,ARTHUR,,DR,
-100.802658,46.814052,900 PROSPECT PT,BISMARCK,,58501,North Dakota,Residential,900,PROSPECT,,PT,
-100.807805,46.818582,1221 E COULEE RD,BISMARCK,,58501,North Dakota,Residential,1221,COULEE,E,RD,
-100.810997,46.813545,1140 S HIGHLAND ACRES RD,BISMARCK,,58501,North Dakota,Residential,1140,HIGHLAND ACRES,S,RD,
-100.81044,46.813534,1134 S HIGHLAND ACRES RD,BISMARCK,,58501,North Dakota,Residential,1134,HIGHLAND ACRES,S,RD,
-100.812137,46.818164,1229 W COULEE RD,BISMARCK,,58501,North Dakota,Residential,1229,COULEE,W,RD,
-100.810703,46.818784,1227 E HIGHLAND ACRES RD,BISMARCK,,58501,North Dakota,Residential,1227,HIGHLAND ACRES,E,RD,
-100.805239,46.814883,921 CRESCENT LN,BISMARCK,,58501,North Dakota,Residential,921,CRESCENT,,LN,
-100.808323,46.819794,1306 E COULEE RD,BISMARCK,,58501,North Dakota,Residential,1306,COULEE,E,RD,
-100.805255,46.813956,903 CRESCENT LN,BISMARCK,,58501,North Dakota,Residential,903,CRESCENT,,LN,
-100.803696,46.814678,912 ARTHUR DR,BISMARCK,,58501,North Dakota,Residential,912,ARTHUR,,DR,
-100.80367,46.815464,930 WARD RD,BISMARCK,,58501,North Dakota,Residential,930,WARD,,RD,
-100.803413,46.813832,820 PROSPECT PT,BISMARCK,,58501,North Dakota,Residential,820,PROSPECT,,PT,
-100.814194,46.814137,1242 S HIGHLAND ACRES RD,BISMARCK,,58501,North Dakota,Residential,1242,HIGHLAND ACRES,S,RD,
-100.803997,46.814683,916 ARTHUR DR,BISMARCK,,58501,North Dakota,Residential,916,ARTHUR,,DR,
-100.813769,46.813715,1228 S HIGHLAND ACRES RD,BISMARCK,,58501,North Dakota,Residential,1228,HIGHLAND ACRES,S,RD,
-100.811264,46.813499,1144 S HIGHLAND ACRES RD,BISMARCK,,58501,North Dakota,Residential,1144,HIGHLAND ACRES,S,RD,
-100.80574,46.817059,1013 HIGHLAND PL,BISMARCK,,58501,North Dakota,Residential,1013,HIGHLAND,,PL,
-100.803978,46.816093,1011 ARTHUR DR,BISMARCK,,58501,North Dakota,Residential,1011,ARTHUR,,DR,
-100.811127,46.815422,1005 MIDWAY DR,BISMARCK,,58501,North Dakota,Residential,1005,MIDWAY,,DR,
-100.80529,46.816719,1012 N PARKVIEW DR,BISMARCK,,58501,North Dakota,Residential,1012,PARKVIEW,N,DR,
-100.81087,46.814028,1117 FAIRVIEW PL,BISMARCK,,58501,North Dakota,Residential,1117,FAIRVIEW,,PL,
-100.806742,46.813846,905 PARKVIEW DR,BISMARCK,,58501,North Dakota,Residential,905,PARKVIEW,,DR,
-100.813716,46.819046,1255 W HIGHLAND ACRES RD,BISMARCK,,58501,North Dakota,Residential,1255,HIGHLAND ACRES,W,RD,
-100.806488,46.814434,917 PARKVIEW DR,BISMARCK,,58501,North Dakota,Residential,917,PARKVIEW,,DR,
-100.812222,46.813866,808 MIDWAY DR,BISMARCK,,58501,North Dakota,Residential,808,MIDWAY,,DR,
-100.805939,46.814522,912 CRESCENT LN,BISMARCK,,58501,North Dakota,Residential,912,CRESCENT,,LN,
-100.81194,46.819798,1251 E HIGHLAND ACRES RD,BISMARCK,,58501,North Dakota,Residential,1251,HIGHLAND ACRES,E,RD,
-100.812111,46.814976,912 MIDWAY DR,BISMARCK,,58501,North Dakota,Residential,912,MIDWAY,,DR,
-100.806229,46.813137,816 CRESCENT LN,BISMARCK,,58501,North Dakota,Residential,816,CRESCENT,,LN,
-100.812275,46.818365,1233 W COULEE RD,BISMARCK,,58501,North Dakota,Residential,1233,COULEE,W,RD,
-100.811165,46.815868,1109 PRAIRIE DR,BISMARCK,,58501,North Dakota,Residential,1109,PRAIRIE,,DR,
-100.812979,46.816889,1113 PIONEER DR,BISMARCK,,58501,North Dakota,Residential,1113,PIONEER,,DR,
-100.805507,46.813152,821 CRESCENT LN,BISMARCK,,58501,North Dakota,Residential,821,CRESCENT,,LN,
-100.80625,46.815862,1005 CRESCENT LN,BISMARCK,,58501,North Dakota,Residential,1005,CRESCENT,,LN,
-100.810632,46.818591,1223 E HIGHLAND ACRES RD,BISMARCK,,58501,North Dakota,Residential,1223,HIGHLAND ACRES,E,RD,
-100.814211,46.817692,1121 W HIGHLAND ACRES RD,BISMARCK,,58501,North Dakota,Residential,1121,HIGHLAND ACRES,W,RD,
-100.804749,46.816917,1100 WARD RD,BISMARCK,,58501,North Dakota,Residential,1100,WARD,,RD,
-100.814921,46.816548,1100 W HIGHLAND ACRES RD,BISMARCK,,58501,North Dakota,Residential,1100,HIGHLAND ACRES,W,RD,
-100.814995,46.8204,1309 SCHAFER ST STE A,BISMARCK,,58501,North Dakota,Business,1309,SCHAFER,,ST,STE A
-100.808003,46.818129,1213 E COULEE RD,BISMARCK,,58501,North Dakota,Residential,1213,COULEE,E,RD,
-100.806244,46.814819,929 PARKVIEW DR,BISMARCK,,58501,North Dakota,Residential,929,PARKVIEW,,DR,
-100.814126,46.81697,1107 W HIGHLAND ACRES RD,BISMARCK,,58501,North Dakota,Residential,1107,HIGHLAND ACRES,W,RD,
-100.813945,46.813838,1232 S HIGHLAND ACRES RD,BISMARCK,,58501,North Dakota,Residential,1232,HIGHLAND ACRES,S,RD,
-100.808464,46.81773,1205 E COULEE RD,BISMARCK,,58501,North Dakota,Residential,1205,COULEE,E,RD,
-100.807037,46.817081,1033 HIGHLAND PL,BISMARCK,,58501,North Dakota,Residential,1033,HIGHLAND,,PL,
-100.812851,46.817806,1129 PIONEER DR,BISMARCK,,58501,North Dakota,Residential,1129,PIONEER,,DR,
-100.812828,46.817608,1125 PIONEER DR,BISMARCK,,58501,North Dakota,Residential,1125,PIONEER,,DR,
-100.812431,46.817657,1222 W COULEE RD,BISMARCK,,58501,North Dakota,Residential,1222,COULEE,W,RD,
-100.814645,46.819293,1250 W HIGHLAND ACRES RD,BISMARCK,,58501,North Dakota,Residential,1250,HIGHLAND ACRES,W,RD,
-100.808206,46.816818,1121 N PARKVIEW DR,BISMARCK,,58501,North Dakota,Residential,1121,PARKVIEW,N,DR,
-100.814255,46.814301,1248 S HIGHLAND ACRES RD,BISMARCK,,58501,North Dakota,Residential,1248,HIGHLAND ACRES,S,RD,
-100.809052,46.817383,1143 E COULEE RD,BISMARCK,,58501,North Dakota,Residential,1143,COULEE,E,RD,
-100.807017,46.818217,1026 COTTAGE DR,BISMARCK,,58501,North Dakota,Residential,1026,COTTAGE,,DR,
-100.808929,46.818043,1204 E COULEE RD,BISMARCK,,58501,North Dakota,Residential,1204,COULEE,E,RD,
-100.809059,46.818539,1221 N PARKVIEW DR,BISMARCK,,58501,North Dakota,Residential,1221,PARKVIEW,N,DR,
-100.806213,46.816711,1030 N PARKVIEW DR,BISMARCK,,58501,North Dakota,Residential,1030,PARKVIEW,N,DR,
-100.808548,46.818729,1226 E COULEE RD,BISMARCK,,58501,North Dakota,Residential,1226,COULEE,E,RD,
-100.806076,46.817039,1017 HIGHLAND PL,BISMARCK,,58501,North Dakota,Residential,1017,HIGHLAND,,PL,
-100.80787,46.819201,1241 E COULEE RD,BISMARCK,,58501,North Dakota,Residential,1241,COULEE,E,RD,
-100.805977,46.815823,1003 CRESCENT LN,BISMARCK,,58501,North Dakota,Residential,1003,CRESCENT,,LN,
-100.808548,46.819329,1261 N PARKVIEW DR,BISMARCK,,58501,North Dakota,Residential,1261,PARKVIEW,N,DR,
-100.805223,46.815674,1005 PARKVIEW DR,BISMARCK,,58501,North Dakota,Residential,1005,PARKVIEW,,DR,
-100.807746,46.819607,1301 E COULEE RD,BISMARCK,,58501,North Dakota,Residential,1301,COULEE,E,RD,
-100.808548,46.81892,1232 E COULEE RD,BISMARCK,,58501,North Dakota,Residential,1232,COULEE,E,RD,
-100.804619,46.81612,1010 ARTHUR DR,BISMARCK,,58501,North Dakota,Residential,1010,ARTHUR,,DR,
-100.806339,46.812968,814 CRESCENT LN,BISMARCK,,58501,North Dakota,Residential,814,CRESCENT,,LN,
-100.808769,46.81979,1260 N PARKVIEW DR,BISMARCK,,58501,North Dakota,Residential,1260,PARKVIEW,N,DR,
-100.811607,46.814289,901 MIDWAY DR,BISMARCK,,58501,North Dakota,Residential,901,MIDWAY,,DR,
-100.811456,46.814914,913 MIDWAY DR,BISMARCK,,58501,North Dakota,Residential,913,MIDWAY,,DR,
-100.811211,46.814301,1122 FAIRVIEW PL,BISMARCK,,58501,North Dakota,Residential,1122,FAIRVIEW,,PL,
-100.810277,46.814101,1109 FAIRVIEW PL,BISMARCK,,58501,North Dakota,Residential,1109,FAIRVIEW,,PL,
-100.810509,46.814777,1004 E HIGHLAND ACRES RD,BISMARCK,,58501,North Dakota,Business,1004,HIGHLAND ACRES,E,RD,
-100.811213,46.818511,1222 E HIGHLAND ACRES RD,BISMARCK,,58501,North Dakota,Residential,1222,HIGHLAND ACRES,E,RD,
-100.809837,46.818729,1230 N PARKVIEW DR,BISMARCK,,58501,North Dakota,Residential,1230,PARKVIEW,N,DR,
-100.811052,46.819441,1239 E HIGHLAND ACRES RD,BISMARCK,,58501,North Dakota,Residential,1239,HIGHLAND ACRES,E,RD,
-100.815079,46.815262,1008 W HIGHLAND ACRES RD,BISMARCK,,58501,North Dakota,Residential,1008,HIGHLAND ACRES,W,RD,
-100.810414,46.816072,1028 E HIGHLAND ACRES RD,BISMARCK,,58501,North Dakota,Residential,1028,HIGHLAND ACRES,E,RD,
-100.808548,46.819111,1238 E COULEE RD,BISMARCK,,58501,North Dakota,Residential,1238,COULEE,E,RD,
-100.815033,46.818848,1242 W HIGHLAND ACRES RD,BISMARCK,,58501,North Dakota,Residential,1242,HIGHLAND ACRES,W,RD,
-100.806419,46.819298,1236 WARD RD,BISMARCK,,58501,North Dakota,Residential,1236,WARD,,RD,
-100.813076,46.813511,1216 S HIGHLAND ACRES RD,BISMARCK,,58501,North Dakota,Residential,1216,HIGHLAND ACRES,S,RD,
-100.814056,46.813988,1238 S HIGHLAND ACRES RD,BISMARCK,,58501,North Dakota,Residential,1238,HIGHLAND ACRES,S,RD,
-100.813546,46.813641,1224 S HIGHLAND ACRES RD,BISMARCK,,58501,North Dakota,Residential,1224,HIGHLAND ACRES,S,RD,
-100.814367,46.813526,1233 S HIGHLAND ACRES RD,BISMARCK,,58501,North Dakota,Residential,1233,HIGHLAND ACRES,S,RD,
-100.813087,46.814613,1212 VICTORY PL,BISMARCK,,58501,North Dakota,Residential,1212,VICTORY,,PL,
-100.806885,46.815987,1013 CRESCENT LN,BISMARCK,,58501,North Dakota,Residential,1013,CRESCENT,,LN,
-100.812614,46.81588,1209 PRAIRIE DR,BISMARCK,,58501,North Dakota,Residential,1209,PRAIRIE,,DR,
-100.813362,46.814026,1217 VICTORY PL,BISMARCK,,58501,North Dakota,Residential,1217,VICTORY,,PL,
-100.811613,46.813856,809 MIDWAY DR,BISMARCK,,58501,North Dakota,Residential,809,MIDWAY,,DR,
-100.814308,46.818172,1233 W HIGHLAND ACRES RD,BISMARCK,,58501,North Dakota,Residential,1233,HIGHLAND ACRES,W,RD,
-100.811607,46.814068,813 MIDWAY DR,BISMARCK,,58501,North Dakota,Residential,813,MIDWAY,,DR,
-100.81159,46.813688,805 MIDWAY DR,BISMARCK,,58501,North Dakota,Residential,805,MIDWAY,,DR,
-100.812241,46.814064,1203 VICTORY PL,BISMARCK,,58501,North Dakota,Residential,1203,VICTORY,,PL,
-100.810532,46.815403,1018 E HIGHLAND ACRES RD,BISMARCK,,58501,North Dakota,Residential,1018,HIGHLAND ACRES,E,RD,
-100.812569,46.814475,1204 VICTORY PL,BISMARCK,,58501,North Dakota,Residential,1204,VICTORY,,PL,
-100.809985,46.814172,1105 FAIRVIEW PL,BISMARCK,,58501,North Dakota,Residential,1105,FAIRVIEW,,PL,
-100.813096,46.818604,1240 W COULEE RD,BISMARCK,,58501,North Dakota,Residential,1240,COULEE,W,RD,
-100.811153,46.818137,1214 E HIGHLAND ACRES RD,BISMARCK,,58501,North Dakota,Residential,1214,HIGHLAND ACRES,E,RD,
-100.814295,46.815034,1005 W HIGHLAND ACRES RD,BISMARCK,,58501,North Dakota,Residential,1005,HIGHLAND ACRES,W,RD,
-100.814985,46.818061,1230 W HIGHLAND ACRES RD,BISMARCK,,58501,North Dakota,Residential,1230,HIGHLAND ACRES,W,RD,
-100.81286,46.81707,1115 PIONEER DR,BISMARCK,,58501,North Dakota,Residential,1115,PIONEER,,DR,
-100.810387,46.817597,1203 E HIGHLAND ACRES RD,BISMARCK,,58501,North Dakota,Residential,1203,HIGHLAND ACRES,E,RD,
-100.814271,46.815725,1019 W HIGHLAND ACRES RD,BISMARCK,,58501,North Dakota,Residential,1019,HIGHLAND ACRES,W,RD,
-100.81159,46.814696,909 MIDWAY DR,BISMARCK,,58501,North Dakota,Residential,909,MIDWAY,,DR,
-100.811569,46.81451,905 MIDWAY DR,BISMARCK,,58501,North Dakota,Residential,905,MIDWAY,,DR,
-100.815155,46.819572,1255 SCHAFER ST,BISMARCK,,58501,North Dakota,Business,1255,SCHAFER,,ST,
-100.809745,46.81539,1013 E HIGHLAND ACRES RD,BISMARCK,,58501,North Dakota,Residential,1013,HIGHLAND ACRES,E,RD,
-100.814725,46.813838,1241 S HIGHLAND ACRES RD,BISMARCK,,58501,North Dakota,Residential,1241,HIGHLAND ACRES,S,RD,
-100.809853,46.819378,1244 N PARKVIEW DR,BISMARCK,,58501,North Dakota,Residential,1244,PARKVIEW,N,DR,
-100.806827,46.818431,1020 COTTAGE DR,BISMARCK,,58501,North Dakota,Residential,1020,COTTAGE,,DR,
-100.807869,46.818373,1217 E COULEE RD,BISMARCK,,58501,North Dakota,Residential,1217,COULEE,E,RD,
-100.807857,46.818797,1225 E COULEE RD,BISMARCK,,58501,North Dakota,Residential,1225,COULEE,E,RD,
-100.807859,46.818992,1233 E COULEE RD,BISMARCK,,58501,North Dakota,Residential,1233,COULEE,E,RD,
-100.81047,46.81799,1211 E HIGHLAND ACRES RD,BISMARCK,,58501,North Dakota,Residential,1211,HIGHLAND ACRES,E,RD,
-100.813322,46.813553,1218 S HIGHLAND ACRES RD,BISMARCK,,58501,North Dakota,Residential,1218,HIGHLAND ACRES,S,RD,
-100.809787,46.815544,1017 E HIGHLAND ACRES RD,BISMARCK,,58501,North Dakota,Residential,1017,HIGHLAND ACRES,E,RD,
-100.813096,46.814082,1213 VICTORY PL,BISMARCK,,58501,North Dakota,Residential,1213,VICTORY,,PL,
-100.81221,46.814724,908 MIDWAY DR,BISMARCK,,58501,North Dakota,Residential,908,MIDWAY,,DR,
-100.812042,46.81916,1250 E HIGHLAND ACRES RD,BISMARCK,,58501,North Dakota,Residential,1250,HIGHLAND ACRES,E,RD,
-100.809059,46.818729,1229 N PARKVIEW DR,BISMARCK,,58501,North Dakota,Residential,1229,PARKVIEW,N,DR,
-100.811379,46.818731,1230 E HIGHLAND ACRES RD,BISMARCK,,58501,North Dakota,Residential,1230,HIGHLAND ACRES,E,RD,
-100.811501,46.817127,1206 W COULEE RD,BISMARCK,,58501,North Dakota,Residential,1206,COULEE,W,RD,
-100.812909,46.816003,1213 PRAIRIE DR,BISMARCK,,58501,North Dakota,Residential,1213,PRAIRIE,,DR,
-100.806819,46.818735,1248 WARD RD,BISMARCK,,58501,North Dakota,Residential,1248,WARD,,RD,
-100.813222,46.816121,1217 PRAIRIE DR,BISMARCK,,58501,North Dakota,Residential,1217,PRAIRIE,,DR,
-100.815003,46.818308,1234 W HIGHLAND ACRES RD,BISMARCK,,58501,North Dakota,Residential,1234,HIGHLAND ACRES,W,RD,
-100.814133,46.816647,1103 W HIGHLAND ACRES RD,BISMARCK,,58501,North Dakota,Residential,1103,HIGHLAND ACRES,W,RD,
-100.807821,46.819401,1245 E COULEE RD,BISMARCK,,58501,North Dakota,Residential,1245,COULEE,E,RD,
-100.812645,46.81794,1230 W COULEE RD,BISMARCK,,58501,North Dakota,Residential,1230,COULEE,W,RD,
-100.812531,46.815556,1208 PROSPECT PL,BISMARCK,,58501,North Dakota,Residential,1208,PROSPECT,,PL,
-100.809464,46.817692,1110 E COULEE RD,BISMARCK,,58501,North Dakota,Residential,1110,COULEE,E,RD,
-100.813736,46.814617,1222 VICTORY PL,BISMARCK,,58501,North Dakota,Residential,1222,VICTORY,,PL,
-100.814984,46.8144,1253 S HIGHLAND ACRES RD,BISMARCK,,58501,North Dakota,Residential,1253,HIGHLAND ACRES,S,RD,
-100.809796,46.81573,1021 E HIGHLAND ACRES RD,BISMARCK,,58501,North Dakota,Residential,1021,HIGHLAND ACRES,E,RD,
-100.806934,46.81797,1025 COTTAGE DR,BISMARCK,,58501,North Dakota,Residential,1025,COTTAGE,,DR,
-100.809762,46.819619,1248 N PARKVIEW DR,BISMARCK,,58501,North Dakota,Residential,1248,PARKVIEW,N,DR,
-100.813462,46.81963,1266 W HIGHLAND ACRES RD,BISMARCK,,58501,North Dakota,Residential,1266,HIGHLAND ACRES,W,RD,
-100.811263,46.815253,1001 MIDWAY DR,BISMARCK,,58501,North Dakota,Residential,1001,MIDWAY,,DR,
-100.81056,46.814037,1113 FAIRVIEW PL,BISMARCK,,58501,North Dakota,Residential,1113,FAIRVIEW,,PL,
-100.812832,46.813471,1208 S HIGHLAND ACRES RD,BISMARCK,,58501,North Dakota,Residential,1208,HIGHLAND ACRES,S,RD,
-100.813912,46.818837,1249 W HIGHLAND ACRES RD,BISMARCK,,58501,North Dakota,Residential,1249,HIGHLAND ACRES,W,RD,
-100.812584,46.813503,1206 S HIGHLAND ACRES RD,BISMARCK,,58501,North Dakota,Residential,1206,HIGHLAND ACRES,S,RD,
-100.813538,46.817421,1120 PIONEER DR,BISMARCK,,58501,North Dakota,Residential,1120,PIONEER,,DR,
-100.814121,46.818688,1243 W HIGHLAND ACRES RD,BISMARCK,,58501,North Dakota,Residential,1243,HIGHLAND ACRES,W,RD,
-100.812392,46.818671,1241 W COULEE RD,BISMARCK,,58501,North Dakota,Residential,1241,COULEE,W,RD,
-100.812451,46.818849,1245 W COULEE RD,BISMARCK,,58501,North Dakota,Residential,1245,COULEE,W,RD,
-100.809853,46.818302,1216 N PARKVIEW DR,BISMARCK,,58501,North Dakota,Residential,1216,PARKVIEW,N,DR,
-100.814221,46.817925,1127 W HIGHLAND ACRES RD,BISMARCK,,58501,North Dakota,Residential,1127,HIGHLAND ACRES,W,RD,
-100.814972,46.816807,1108 W HIGHLAND ACRES RD,BISMARCK,,58501,North Dakota,Residential,1108,HIGHLAND ACRES,W,RD,
-100.814949,46.817333,1116 W HIGHLAND ACRES RD,BISMARCK,,58501,North Dakota,Residential,1116,HIGHLAND ACRES,W,RD,
-100.811623,46.819714,1247 E HIGHLAND ACRES RD,BISMARCK,,58501,North Dakota,Residential,1247,HIGHLAND ACRES,E,RD,
-100.814915,46.816254,1032 W HIGHLAND ACRES RD,BISMARCK,,58501,North Dakota,Residential,1032,HIGHLAND ACRES,W,RD,
-100.810444,46.817788,1207 E HIGHLAND ACRES RD,BISMARCK,,58501,North Dakota,Residential,1207,HIGHLAND ACRES,E,RD,
-100.813473,46.815671,1220 PROSPECT PL,BISMARCK,,58501,North Dakota,Residential,1220,PROSPECT,,PL,
-100.814374,46.814838,1001 W HIGHLAND ACRES RD,BISMARCK,,58501,North Dakota,Residential,1001,HIGHLAND ACRES,W,RD,
-100.814178,46.819603,1258 W HIGHLAND ACRES RD,BISMARCK,,58501,North Dakota,Residential,1258,HIGHLAND ACRES,W,RD,
-100.808533,46.818546,1220 E COULEE RD,BISMARCK,,58501,North Dakota,Residential,1220,COULEE,E,RD,
-100.812834,46.814066,1209 VICTORY PL,BISMARCK,,58501,North Dakota,Residential,1209,VICTORY,,PL,
-100.81363,46.814157,1221 VICTORY PL,BISMARCK,,58501,North Dakota,Residential,1221,VICTORY,,PL,
-100.809734,46.815924,1025 E HIGHLAND ACRES RD,BISMARCK,,58501,North Dakota,Residential,1025,HIGHLAND ACRES,E,RD,
-100.814111,46.817458,1117 W HIGHLAND ACRES RD,BISMARCK,,58501,North Dakota,Residential,1117,HIGHLAND ACRES,W,RD,
-100.813385,46.818005,1132 PIONEER DR,BISMARCK,,58501,North Dakota,Residential,1132,PIONEER,,DR,
-100.815002,46.81757,1120 W HIGHLAND ACRES RD,BISMARCK,,58501,North Dakota,Residential,1120,HIGHLAND ACRES,W,RD,
-100.814835,46.814006,1245 S HIGHLAND ACRES RD,BISMARCK,,58501,North Dakota,Residential,1245,HIGHLAND ACRES,S,RD,
-100.813,46.81515,1213 PROSPECT PL,BISMARCK,,58501,North Dakota,Residential,1213,PROSPECT,,PL,
-100.81435,46.814463,1252 S HIGHLAND ACRES RD,BISMARCK,,58501,North Dakota,Residential,1252,HIGHLAND ACRES,S,RD,
-100.812248,46.815498,1204 PROSPECT PL,BISMARCK,,58501,North Dakota,Residential,1204,PROSPECT,,PL,
-100.813538,46.817051,1112 PIONEER DR,BISMARCK,,58501,North Dakota,Residential,1112,PIONEER,,DR,
-100.813169,46.819723,1300 W COULEE RD,BISMARCK,,58501,North Dakota,Residential,1300,COULEE,W,RD,
-100.81327,46.818218,1136 PIONEER DR,BISMARCK,,58501,North Dakota,Residential,1136,PIONEER,,DR,
-100.814916,46.815998,1024 W HIGHLAND ACRES RD,BISMARCK,,58501,North Dakota,Residential,1024,HIGHLAND ACRES,W,RD,
-100.814584,46.813665,1237 S HIGHLAND ACRES RD,BISMARCK,,58501,North Dakota,Residential,1237,HIGHLAND ACRES,S,RD,
-100.806463,46.818448,1014 COTTAGE DR,BISMARCK,,58501,North Dakota,Residential,1014,COTTAGE,,DR,
-100.812271,46.815826,1205 PRAIRIE DR,BISMARCK,,58501,North Dakota,Residential,1205,PRAIRIE,,DR,
-100.812386,46.819027,1249 W COULEE RD,BISMARCK,,58501,North Dakota,Residential,1249,COULEE,W,RD,
-100.814365,46.814637,1256 S HIGHLAND ACRES RD,BISMARCK,,58501,North Dakota,Residential,1256,HIGHLAND ACRES,S,RD,
-100.812309,46.813671,804 MIDWAY DR,BISMARCK,,58501,North Dakota,Residential,804,MIDWAY,,DR,
-100.811304,46.819645,1243 E HIGHLAND ACRES RD,BISMARCK,,58501,North Dakota,Residential,1243,HIGHLAND ACRES,E,RD,
-100.812386,46.819782,1257 E HIGHLAND ACRES RD,BISMARCK,,58501,North Dakota,Residential,1257,HIGHLAND ACRES,E,RD,
-100.81203,46.818028,1225 W COULEE RD,BISMARCK,,58501,North Dakota,Residential,1225,COULEE,W,RD,
-100.815023,46.817122,1110 W HIGHLAND ACRES RD,BISMARCK,,58501,North Dakota,Residential,1110,HIGHLAND ACRES,W,RD,
-100.811449,46.81792,1200 E HIGHLAND ACRES RD,BISMARCK,,58501,North Dakota,Business,1200,HIGHLAND ACRES,E,RD,
-100.813611,46.81517,1221 PROSPECT PL,BISMARCK,,58501,North Dakota,Residential,1221,PROSPECT,,PL,
-100.813401,46.814617,1218 VICTORY PL,BISMARCK,,58501,North Dakota,Residential,1218,VICTORY,,PL,
-100.812886,46.814462,1208 VICTORY PL,BISMARCK,,58501,North Dakota,Residential,1208,VICTORY,,PL,
-100.812722,46.81509,1209 PROSPECT PL,BISMARCK,,58501,North Dakota,Residential,1209,PROSPECT,,PL,
-100.812887,46.817246,1117 PIONEER DR,BISMARCK,,58501,North Dakota,Residential,1117,PIONEER,,DR,
-100.812416,46.819256,1255 W COULEE RD,BISMARCK,,58501,North Dakota,Residential,1255,COULEE,W,RD,
-100.814956,46.817816,1226 W HIGHLAND ACRES RD,BISMARCK,,58501,North Dakota,Residential,1226,HIGHLAND ACRES,W,RD,
-100.814947,46.815843,1020 W HIGHLAND ACRES RD,BISMARCK,,58501,North Dakota,Residential,1020,HIGHLAND ACRES,W,RD,
-100.81435,46.819403,1254 W HIGHLAND ACRES RD,BISMARCK,,58501,North Dakota,Residential,1254,HIGHLAND ACRES,W,RD,
-100.814247,46.815254,1009 W HIGHLAND ACRES RD,BISMARCK,,58501,North Dakota,Residential,1009,HIGHLAND ACRES,W,RD,
-100.811913,46.815388,1202 PROSPECT PL,BISMARCK,,58501,North Dakota,Residential,1202,PROSPECT,,PL,
-100.811607,46.81345,1148 S HIGHLAND ACRES RD,BISMARCK,,58501,North Dakota,Residential,1148,HIGHLAND ACRES,S,RD,
-100.811371,46.815068,917 MIDWAY DR,BISMARCK,,58501,North Dakota,Residential,917,MIDWAY,,DR,
-100.810196,46.813549,1130 S HIGHLAND ACRES RD,BISMARCK,,58501,North Dakota,Residential,1130,HIGHLAND ACRES,S,RD,
-100.811962,46.817357,1214 W COULEE RD,BISMARCK,,58501,North Dakota,Residential,1214,COULEE,W,RD,
-100.811745,46.817268,1210 W COULEE RD,BISMARCK,,58501,North Dakota,Residential,1210,COULEE,W,RD,
-100.811204,46.818327,1218 E HIGHLAND ACRES RD,BISMARCK,,58501,North Dakota,Residential,1218,HIGHLAND ACRES,E,RD,
-100.809766,46.818942,1236 N PARKVIEW DR,BISMARCK,,58501,North Dakota,Residential,1236,PARKVIEW,N,DR,
-100.811707,46.816578,1200 PRAIRIE DR,BISMARCK,,58501,North Dakota,School,1200,PRAIRIE,,DR,
-100.813812,46.814327,1225 VICTORY PL,BISMARCK,,58501,North Dakota,Residential,1225,VICTORY,,PL,
-100.813309,46.81514,1217 PROSPECT PL,BISMARCK,,58501,North Dakota,Residential,1217,PROSPECT,,PL,
-100.815063,46.815456,1012 W HIGHLAND ACRES RD,BISMARCK,,58501,North Dakota,Residential,1012,HIGHLAND ACRES,W,RD,
-100.812567,46.814065,1205 VICTORY PL,BISMARCK,,58501,North Dakota,Residential,1205,VICTORY,,PL,
-100.813072,46.819244,1254 W COULEE RD,BISMARCK,,58501,North Dakota,Residential,1254,COULEE,W,RD,
-100.81501,46.81505,1004 W HIGHLAND ACRES RD,BISMARCK,,58501,North Dakota,Residential,1004,HIGHLAND ACRES,W,RD,
-100.814867,46.81909,1246 W HIGHLAND ACRES RD,BISMARCK,,58501,North Dakota,Residential,1246,HIGHLAND ACRES,W,RD,
-100.814301,46.818429,1239 W HIGHLAND ACRES RD,BISMARCK,,58501,North Dakota,Residential,1239,HIGHLAND ACRES,W,RD,
-100.810097,46.812958,1131 S HIGHLAND ACRES RD,BISMARCK,,58501,North Dakota,Residential,1131,HIGHLAND ACRES,S,RD,
-100.804195,46.812559,717 WILLIAMS ST,BISMARCK,,58501,North Dakota,Residential,717,WILLIAMS,,ST,
-100.811858,46.812389,1167 W AVENUE B,BISMARCK,,58501,North Dakota,Residential,1167,AVENUE B,W,,
-100.8116,46.812969,729 MIDWAY DR,BISMARCK,,58501,North Dakota,Residential,729,MIDWAY,,DR,
-100.811285,46.813057,1145 S HIGHLAND ACRES RD,BISMARCK,,58501,North Dakota,Residential,1145,HIGHLAND ACRES,S,RD,
-100.810379,46.812218,1146 W AVENUE B,BISMARCK,,58501,North Dakota,Residential,1146,AVENUE B,W,,
-100.8036,46.812184,900 W AVENUE C,BISMARCK,,58501,North Dakota,Residential,900,AVENUE C,W,,
-100.809738,46.812202,1129 KEATING DR,BISMARCK,,58501,North Dakota,Residential,1129,KEATING,,DR,
-100.813898,46.813299,1225 S HIGHLAND ACRES RD,BISMARCK,,58501,North Dakota,Residential,1225,HIGHLAND ACRES,S,RD,
-100.813396,46.813142,1217 S HIGHLAND ACRES RD,BISMARCK,,58501,North Dakota,Residential,1217,HIGHLAND ACRES,S,RD,
-100.803692,46.812901,830 W AVENUE C,BISMARCK,,58501,North Dakota,Residential,830,AVENUE C,W,,
-100.810718,46.813033,1139 S HIGHLAND ACRES RD,BISMARCK,,58501,North Dakota,Residential,1139,HIGHLAND ACRES,S,RD,
-100.810432,46.811758,1141 W AVENUE B,BISMARCK,,58501,North Dakota,Residential,1141,AVENUE B,W,,
-100.813647,46.813181,1221 S HIGHLAND ACRES RD,BISMARCK,,58501,North Dakota,Residential,1221,HIGHLAND ACRES,S,RD,
-100.812829,46.813047,1211 S HIGHLAND ACRES RD,BISMARCK,,58501,North Dakota,Residential,1211,HIGHLAND ACRES,S,RD,
-100.810738,46.812626,1150 KEATING DR,BISMARCK,,58501,North Dakota,Residential,1150,KEATING,,DR,
-100.810417,46.812962,1135 S HIGHLAND ACRES RD,BISMARCK,,58501,North Dakota,Residential,1135,HIGHLAND ACRES,S,RD,
-100.808365,46.81076,1101 W AVENUE B,BISMARCK,,58501,North Dakota,Residential,1101,AVENUE B,W,,
-100.805115,46.812859,720 WILLIAMS ST,BISMARCK,,58501,North Dakota,Residential,720,WILLIAMS,,ST,
-100.809929,46.812008,1134 W AVENUE B,BISMARCK,,58501,North Dakota,Residential,1134,AVENUE B,W,,
-100.813134,46.813073,1213 S HIGHLAND ACRES RD,BISMARCK,,58501,North Dakota,Residential,1213,HIGHLAND ACRES,S,RD,
-100.809486,46.811237,1121 W AVENUE B,BISMARCK,,58501,North Dakota,Residential,1121,AVENUE B,W,,
-100.80863,46.81146,1110 W AVENUE B,BISMARCK,,58501,North Dakota,Business,1110,AVENUE B,W,,
-100.808838,46.811588,1118 W AVENUE B,BISMARCK,,58501,North Dakota,Residential,1118,AVENUE B,W,,
-100.811408,46.812212,1161 W AVENUE B,BISMARCK,,58501,North Dakota,Residential,1161,AVENUE B,W,,
-100.811656,46.812269,1163 W AVENUE B,BISMARCK,,58501,North Dakota,Residential,1163,AVENUE B,W,,
-100.811258,46.812129,1157 W AVENUE B,BISMARCK,,58501,North Dakota,Residential,1157,AVENUE B,W,,
-100.809837,46.811492,1129 W AVENUE B,BISMARCK,,58501,North Dakota,Residential,1129,AVENUE B,W,,
-100.812043,46.812494,1171 W AVENUE B,BISMARCK,,58501,North Dakota,Residential,1171,AVENUE B,W,,
-100.809074,46.811691,1122 W AVENUE B,BISMARCK,,58501,North Dakota,Residential,1122,AVENUE B,W,,
-100.805237,46.812195,1006 W AVENUE C,BISMARCK,,58501,North Dakota,Residential,1006,AVENUE C,W,,
-100.809319,46.811806,1126 W AVENUE B,BISMARCK,,58501,North Dakota,Residential,1126,AVENUE B,W,,
-100.804413,46.813534,835 CRESCENT LN,BISMARCK,,58501,North Dakota,Residential,835,CRESCENT,,LN,
-100.809229,46.811259,1117 W AVENUE B,BISMARCK,,58501,North Dakota,Residential,1117,AVENUE B,W,,
-100.809625,46.811392,1125 W AVENUE B,BISMARCK,,58501,North Dakota,Residential,1125,AVENUE B,W,,
-100.805823,46.812395,1024 W AVENUE C,BISMARCK,,58501,North Dakota,Residential,1024,AVENUE C,W,,
-100.811401,46.812649,1162 KEATING DR,BISMARCK,,58501,North Dakota,Residential,1162,KEATING,,DR,
-100.811096,46.811951,1153 W AVENUE B,BISMARCK,,58501,North Dakota,Residential,1153,AVENUE B,W,,
-100.810463,46.812626,1144 KEATING DR,BISMARCK,,58501,North Dakota,Residential,1144,KEATING,,DR,
-100.810692,46.811771,1145 W AVENUE B,BISMARCK,,58501,North Dakota,Residential,1145,AVENUE B,W,,
-100.810245,46.811675,1137 W AVENUE B,BISMARCK,,58501,North Dakota,Residential,1137,AVENUE B,W,,
-100.810104,46.812965,1127 S HIGHLAND ACRES RD,BISMARCK,,58501,North Dakota,Residential,1127,HIGHLAND ACRES,S,RD,
-100.81102,46.812626,1156 KEATING DR,BISMARCK,,58501,North Dakota,Residential,1156,KEATING,,DR,
-100.810053,46.811583,1133 W AVENUE B,BISMARCK,,58501,North Dakota,Residential,1133,AVENUE B,W,,
-100.809898,46.812622,1132 KEATING DR,BISMARCK,,58501,North Dakota,Residential,1132,KEATING,,DR,
-100.809082,46.811062,1113 W AVENUE B,BISMARCK,,58501,North Dakota,Residential,1113,AVENUE B,W,,
-100.804627,46.812185,705 WILLIAMS ST,BISMARCK,,58501,North Dakota,Residential,705,WILLIAMS,,ST,
-100.804237,46.812241,916 W AVENUE C,BISMARCK,,58501,North Dakota,Residential,916,AVENUE C,W,,
-100.803856,46.812237,904 W AVENUE C,BISMARCK,,58501,North Dakota,Residential,904,AVENUE C,W,,
-100.814169,46.813383,1229 S HIGHLAND ACRES RD,BISMARCK,,58501,North Dakota,Residential,1229,HIGHLAND ACRES,S,RD,
-100.805489,46.812241,1016 W AVENUE C,BISMARCK,,58501,North Dakota,Residential,1016,AVENUE C,W,,
-100.812233,46.812862,726 MIDWAY DR,BISMARCK,,58501,North Dakota,Residential,726,MIDWAY,,DR,
-100.812564,46.813034,1205 S HIGHLAND ACRES RD,BISMARCK,,58501,North Dakota,Residential,1205,HIGHLAND ACRES,S,RD,
-100.808678,46.810883,1105 W AVENUE B,BISMARCK,,58501,North Dakota,Residential,1105,AVENUE B,W,,
-100.808791,46.811079,1109 W AVENUE B,BISMARCK,,58501,North Dakota,Residential,1109,AVENUE B,W,,
-100.812637,46.812634,1175 W AVENUE B,BISMARCK,,58501,North Dakota,Residential,1175,AVENUE B,W,,
-100.810825,46.8119,1149 W AVENUE B,BISMARCK,,58501,North Dakota,Residential,1149,AVENUE B,W,,
-100.805253,46.813515,831 CRESCENT LN,BISMARCK,,58501,North Dakota,Residential,831,CRESCENT,,LN,
-100.804993,46.812172,1002 W AVENUE C,BISMARCK,,58501,North Dakota,Residential,1002,AVENUE C,W,,
-100.805153,46.812504,714 WILLIAMS ST,BISMARCK,,58501,North Dakota,Residential,714,WILLIAMS,,ST,
-100.804451,46.812862,723 WILLIAMS ST,BISMARCK,,58501,North Dakota,Residential,723,WILLIAMS,,ST,
-100.810984,46.813046,1141 S HIGHLAND ACRES RD,BISMARCK,,58501,North Dakota,Residential,1141,HIGHLAND ACRES,S,RD,
-100.810181,46.812622,1138 KEATING DR,BISMARCK,,58501,North Dakota,Residential,1138,KEATING,,DR,
-100.812233,46.813061,1201 S HIGHLAND ACRES RD,BISMARCK,,58501,North Dakota,Residential,1201,HIGHLAND ACRES,S,RD,
-100.80889,46.814587,915 E HIGHLAND ACRES RD,BISMARCK,,58501,North Dakota,Residential,915,HIGHLAND ACRES,E,RD,
-100.809325,46.814775,923 E HIGHLAND ACRES RD,BISMARCK,,58501,North Dakota,Residential,923,HIGHLAND ACRES,E,RD,
-100.809021,46.812618,1114 KEATING DR,BISMARCK,,58501,North Dakota,Residential,1114,KEATING,,DR,
-100.809067,46.813422,1115 S HIGHLAND ACRES RD,BISMARCK,,58501,North Dakota,Residential,1115,HIGHLAND ACRES,S,RD,
-100.808043,46.815269,1032 CRESCENT LN,BISMARCK,,58501,North Dakota,Residential,1032,CRESCENT,,LN,
-100.807057,46.814774,922 PARKVIEW DR,BISMARCK,,58501,North Dakota,Residential,922,PARKVIEW,,DR,
-100.809529,46.814957,1003 E HIGHLAND ACRES RD,BISMARCK,,58501,North Dakota,Residential,1003,HIGHLAND ACRES,E,RD,
-100.809306,46.813268,1119 S HIGHLAND ACRES RD,BISMARCK,,58501,North Dakota,Residential,1119,HIGHLAND ACRES,S,RD,
-100.807468,46.815329,1024 CRESCENT LN,BISMARCK,,58501,North Dakota,Residential,1024,CRESCENT,,LN,
-100.808647,46.814003,1103 S HIGHLAND ACRES RD,BISMARCK,,58501,North Dakota,Residential,1103,HIGHLAND ACRES,S,RD,
-100.806892,46.813572,901 PARKVIEW DR,BISMARCK,,58501,North Dakota,Residential,901,PARKVIEW,,DR,
-100.809441,46.813934,1106 S HIGHLAND ACRES RD,BISMARCK,,58501,North Dakota,Residential,1106,HIGHLAND ACRES,S,RD,
-100.809074,46.814678,919 E HIGHLAND ACRES RD,BISMARCK,,58501,North Dakota,Residential,919,HIGHLAND ACRES,E,RD,
-100.808789,46.813792,1107 S HIGHLAND ACRES RD,BISMARCK,,58501,North Dakota,Residential,1107,HIGHLAND ACRES,S,RD,
-100.809608,46.813805,1110 S HIGHLAND ACRES RD,BISMARCK,,58501,North Dakota,Residential,1110,HIGHLAND ACRES,S,RD,
-100.808269,46.815516,1033 CRESCENT LN,BISMARCK,,58501,North Dakota,Residential,1033,CRESCENT,,LN,
-100.806976,46.815475,1016 CRESCENT LN,BISMARCK,,58501,North Dakota,Residential,1016,CRESCENT,,LN,
-100.809562,46.813189,1123 S HIGHLAND ACRES RD,BISMARCK,,58501,North Dakota,Residential,1123,HIGHLAND ACRES,S,RD,
-100.809265,46.814163,1100 S HIGHLAND ACRES RD,BISMARCK,,58501,North Dakota,Residential,1100,HIGHLAND ACRES,S,RD,
-100.808956,46.813594,1111 S HIGHLAND ACRES RD,BISMARCK,,58501,North Dakota,Residential,1111,HIGHLAND ACRES,S,RD,
-100.808174,46.815666,1029 CRESCENT LN,BISMARCK,,58501,North Dakota,Residential,1029,CRESCENT,,LN,
-100.807753,46.815198,1028 CRESCENT LN,BISMARCK,,58501,North Dakota,Residential,1028,CRESCENT,,LN,
-100.807231,46.815483,1020 CRESCENT LN,BISMARCK,,58501,North Dakota,Residential,1020,CRESCENT,,LN,
-100.809624,46.812622,1126 KEATING DR,BISMARCK,,58501,North Dakota,Residential,1126,KEATING,,DR,
-100.809601,46.814304,1101 FAIRVIEW PL,BISMARCK,,58501,North Dakota,Residential,1101,FAIRVIEW,,PL,
-100.809601,46.815174,1009 E HIGHLAND ACRES RD,BISMARCK,,58501,North Dakota,Residential,1009,HIGHLAND ACRES,E,RD,
-100.806876,46.813322,1064 W AVENUE C,BISMARCK,,58501,North Dakota,Residential,1064,AVENUE C,W,,
-100.809707,46.813658,1118 S HIGHLAND ACRES RD,BISMARCK,,58501,North Dakota,Residential,1118,HIGHLAND ACRES,S,RD,
-100.806894,46.815008,926 PARKVIEW DR,BISMARCK,,58501,North Dakota,Residential,926,PARKVIEW,,DR,
-100.809341,46.812634,1120 KEATING DR,BISMARCK,,58501,North Dakota,Residential,1120,KEATING,,DR,
-100.8068,46.81309,1058 W AVENUE C,BISMARCK,,58501,North Dakota,Residential,1058,AVENUE C,W,,
-100.814995,46.8204,1309 SCHAFER ST STE B,BISMARCK,,58501,North Dakota,Business,1309,SCHAFER,,ST,STE B
